Nro,Titulo,Secao,Tipo
0,Panini,Content,metalico
FWC1,FIFA,Content,normal
FWC2,Official Trophy1,Content,metalico
FWC3,Official Trophy2,Content,metalico
FWC4,Official Mascot1,Content,metalico
FWC5,Official Mascot2,Content,metalico
FWC6,Official Emblem1,Content,metalico
FWC7,Official Emblem2,Content,metalico
FWC8,Ahmad Bin Ali Stadium,Stadiums,normal
FWC9,Al Janoub Stadium,Stadiums,normal
FWC10,Al Thumama Stadium,Stadiums,normal
FWC11,Education City Stadium,Stadiums,normal
FWC12,Khalifa International Stadium,Stadiums,normal
FWC13,Stadium 974,Stadiums,normal
FWC14,Al Bayt Stadium outdoor,Stadiums,normal
FWC15,Al Bayt Stadium indoor,Stadiums,normal
FWC16,Lusail Stadium outdoor,Stadiums,normal
FWC17,Lusail Stadium indoor,Stadiums,normal
FWC18,Al Rihla,Official Match Ball,normal
QAT1,Team Shot,Qatar,normal
QAT2,Team Logo,Qatar,metalico
QAT3,Saad Al Sheeb,Qatar,normal
QAT4,Meshaal Barsham,Qatar,normal
QAT5,Homam Ahmed,Qatar,normal
QAT6,Bassam Alrawi,Qatar,normal
QAT7,Abdulkarim Hassan,Qatar,normal
QAT8,Musaab Khidir,Qatar,normal
QAT9,Boualem Khoukhi,Qatar,normal
QAT10,Pedro Miguel,Qatar,normal
QAT11,Tarek Salman,Qatar,normal
QAT12,Karim Boudiaf,Qatar,normal
QAT13,Abdulaziz Hatem,Qatar,normal
QAT14,Assim Omer Madibo,Qatar,normal
QAT15,Yousuf Abdurisag,Qatar,normal
QAT16,Akram Hassan Afif,Qatar,normal
QAT17,Ahmad Alaaeldin,Qatar,normal
QAT18,Hasan Al-Haydos,Qatar,normal
QAT19,Almoez Ali,Qatar,normal
QAT20,Mohammed Muntari,Qatar,normal
ECU1,Team Shot,Ecuador,normal
ECU2,Team Logo,Ecuador,metalico
ECU3,Hernan Galindez,Ecuador,normal
ECU4,Alexander Dominguez,Ecuador,normal
ECU5,Robert Arboleda,Ecuador,normal
ECU6,Byron Castillo,Ecuador,normal
ECU7,Pervis Estupinan,Ecuador,normal
ECU8,Piero Hincapie,Ecuador,normal
ECU9,Angelo Preciado,Ecuador,normal
ECU10,Felix Torres,Ecuador,normal
ECU11,Moises Caicedo,Ecuador,normal
ECU12,Alan Franco,Ecuador,normal
ECU13,Carlos Gruezo,Ecuador,normal
ECU14,Jhegson Mendez,Ecuador,normal
ECU15,Jeremy Sarmiento,Ecuador,normal
ECU16,Michael Estrada,Ecuador,normal
ECU17,Angel Mena,Ecuador,normal
ECU18,Gonzalo Plata,Ecuador,normal
ECU19,Ayrton Preciado,Ecuador,normal
ECU20,Enner Valencia,Ecuador,normal
SEN1,Team Shot,Senegal,normal
SEN2,Team Logo,Senegal,metalico
SEN3,Edouard Mendy,Senegal,normal
SEN4,Alfred Gomis,Senegal,normal
SEN5,Saliou Ciss,Senegal,normal
SEN6,Pape Abou Cisse,Senegal,normal
SEN7,Abdou Diallo,Senegal,normal
SEN8,Kalidou Koulibaly,Senegal,normal
SEN9,Ibrahima Mbaye,Senegal,normal
SEN10,Bouna Sarr,Senegal,normal
SEN11,Krepin Diatta,Senegal,normal
SEN12,Idrissa Gueye,Senegal,normal
SEN13,Pape Gueye,Senegal,normal
SEN14,Cheikhou Kouyate,Senegal,normal
SEN15,Nampalys Mendy,Senegal,normal
SEN16,Boulaye Dia,Senegal,normal
SEN17,Famara Diedhiou,Senegal,normal
SEN18,Bamba Dieng,Senegal,normal
SEN19,Sadio Mane,Senegal,normal
SEN20,Ismaila Sarr,Senegal,normal
NED1,Team Shot,Netherlands,normal
NED2,Team Logo,Netherlands,metalico
NED3,Justin Bijlow,Netherlands,normal
NED4,Jasper Cillessen,Netherlands,normal
NED5,Daley Blind,Netherlands,normal
NED6,Matthijs de Ligt,Netherlands,normal
NED7,Stefan de Vrij,Netherlands,normal
NED8,Denzel Dumfries,Netherlands,normal
NED9,Virgil Van Dijk,Netherlands,normal
NED10,Steven Berghuis,Netherlands,normal
NED11,Frenkie de Jong,Netherlands,normal
NED12,Ryan Gravenberch,Netherlands,normal
NED13,Davy Klaassen,Netherlands,normal
NED14,Teun Koopmeiners,Netherlands,normal
NED15,Georginio Wijnaldum,Netherlands,normal
NED16,Steven Bergwijn,Netherlands,normal
NED17,Arnaut Danjuma,Netherlands,normal
NED18,Memphis Depay,Netherlands,normal
NED19,Cody Gakpo,Netherlands,normal
NED20,Donyell Malen,Netherlands,normal
ENG1,Team Shot,England,normal
ENG2,Team Logo,England,metalico
ENG3,Jordan Pickford,England,normal
ENG4,Aaron Ramsdale,England,normal
ENG5,Trent Alexander-Arnold,England,normal
ENG6,Conor Coady,England,normal
ENG7,Harry Maguire,England,normal
ENG8,Luke Shaw,England,normal
ENG9,John Stones,England,normal
ENG10,Kyle Walker,England,normal
ENG11,Jude Bellingham,England,normal
ENG12,Jack Grealish,England,normal
ENG13,Jordan Henderson,England,normal
ENG14,Mason Mount,England,normal
ENG15,Kalvin Phillips,England,normal
ENG16,Declan Rice,England,normal
ENG17,Phil Foden,England,normal
ENG18,Harry Kane,England,normal
ENG19,Bukayo Saka,England,normal
ENG20,Raheem Sterling,England,normal
IRN1,Team Shot,Iran,normal
IRN2,Team Logo,Iran,metalico
IRN3,Amir Abedzadeh,Iran,normal
IRN4,Alireza Beiranvand,Iran,normal
IRN5,Ehsan Hajsafi,Iran,normal
IRN6,Majid Hosseini,Iran,normal
IRN7,Hossein Kanaani,Iran,normal
IRN8,Shoja Khalilzadeh,Iran,normal
IRN9,Milad Mohammadi,Iran,normal
IRN10,Sadegh Moharrami,Iran,normal
IRN11,Omid Noorafkan,Iran,normal
IRN12,Vahid Amiri,Iran,normal
IRN13,Saeid Ezatolahi,Iran,normal
IRN14,Ali Gholizadeh,Iran,normal
IRN15,Alireza Jahanbakhsh,Iran,normal
IRN16,Ahmad Nourollahi,Iran,normal
IRN17,Karim Ansarifard,Iran,normal
IRN18,Sardar Azmoun,Iran,normal
IRN19,Saman Ghoddos,Iran,normal
IRN20,Mehdi Taremi,Iran,normal
USA1,Team Shot,USA,normal
USA2,Team Logo,USA,metalico
USA3,Matt Turner,USA,normal
USA4,Zack Steffen,USA,normal
USA5,Sergino Dest,USA,normal
USA6,Aaron Long,USA,normal
USA7,Chris Richards,USA,normal
USA8,Antonee Robinson,USA,normal
USA9,DeAndre Yedlin,USA,normal
USA10,Walker Zimmerman,USA,normal
USA11,Brenden Aaronson,USA,normal
USA12,Kellyn Acosta,USA,normal
USA13,Tyler Adams,USA,normal
USA14,Weston McKennie,USA,normal
USA15,Yunus Musah,USA,normal
USA16,Jesus Ferreira,USA,normal
USA17,Ricardo Pepi,USA,normal
USA18,Christian Pulisic,USA,normal
USA19,Giovanni Reyna,USA,normal
USA20,Timothy Weah,USA,normal
WAL1,Team Shot,Wales,normal
WAL2,Team Logo,Wales,metalico
WAL3,Danny Ward,Wales,normal
WAL4,Wayne Hennessey,Wales,normal
WAL5,Ethan Ampadu,Wales,normal
WAL6,Ben Davies,Wales,normal
WAL7,Chris Gunter,Wales,normal
WAL8,Chris Mepham,Wales,normal
WAL9,Connor Roberts,Wales,normal
WAL10,Joe Rodon,Wales,normal
WAL11,Neco Williams,Wales,normal
WAL12,Joe Allen,Wales,normal
WAL13,Joe Morrell,Wales,normal
WAL14,Aaron Ramsey,Wales,normal
WAL15,Jonathan Williams,Wales,normal
WAL16,Harry Wilson,Wales,normal
WAL17,Gareth Bale,Wales,normal
WAL18,Daniel James,Wales,normal
WAL19,Brennan Johnson,Wales,normal
WAL20,Kieffer Moore,Wales,normal
ARG1,Team Shot,Argentina,normal
ARG2,Team Logo,Argentina,metalico
ARG3,Emiliano Martinez,Argentina,normal
ARG4,Franco Armani,Argentina,normal
ARG5,Marcos Acuna,Argentina,normal
ARG6,Nahuel Molina,Argentina,normal
ARG7,Nicolas Otamendi,Argentina,normal
ARG8,German Pezzella,Argentina,normal
ARG9,Cristian Romero,Argentina,normal
ARG10,Rodrigo De Paul,Argentina,normal
ARG11,Angel Di Maria,Argentina,normal
ARG12,Giovani Lo Celso,Argentina,normal
ARG13,Leandro Paredes,Argentina,normal
ARG14,Guido Rodriguez,Argentina,normal
ARG15,Julian Alvarez,Argentina,normal
ARG16,Joaquin Correa,Argentina,normal
ARG17,Alejandro Gomez,Argentina,normal
ARG18,Nicolas Gonzalez,Argentina,normal
ARG19,Lautaro Martinez,Argentina,normal
ARG20,Lionel Messi,Argentina,normal
KSA1,Team Shot,Saudi Arabia,normal
KSA2,Team Logo,Saudi Arabia,metalico
KSA3,Mohammed Al-Owais,Saudi Arabia,normal
KSA4,Mohammed Al-Rubaie,Saudi Arabia,normal
KSA5,Abdulelah Al-Amri,Saudi Arabia,normal
KSA6,Ali Al-Boleahi,Saudi Arabia,normal
KSA7,Mohammed Al-Burayk,Saudi Arabia,normal
KSA8,Sultan Al-Ghannam,Saudi Arabia,normal
KSA9,Yasser Al-Shahrani,Saudi Arabia,normal
KSA10,Hassan Al-Tambakti,Saudi Arabia,normal
KSA11,Abdullah Madu,Saudi Arabia,normal
KSA12,Salman Al-Faraj,Saudi Arabia,normal
KSA13,Abdulelah Al-Malki,Saudi Arabia,normal
KSA14,Sami Al-Najei,Saudi Arabia,normal
KSA15,Hattan Bahebri,Saudi Arabia,normal
KSA16,Mohamed Kanno,Saudi Arabia,normal
KSA17,Abdullah Otayf,Saudi Arabia,normal
KSA18,Firas Al-Buraikan,Saudi Arabia,normal
KSA19,Salem Al-Dawsari,Saudi Arabia,normal
KSA20,Khalid Al-Ghannam,Saudi Arabia,normal
MEX1,Team Shot,Mexico,normal
MEX2,Team Logo,Mexico,metalico
MEX3,Guillermo Ochoa,Mexico,normal
MEX4,Alfredo Talavera,Mexico,normal
MEX5,Nestor Araujo,Mexico,normal
MEX6,Jesus Gallardo,Mexico,normal
MEX7,Cesar Montes,Mexico,normal
MEX8,Hector Moreno,Mexico,normal
MEX9,Luis Romo,Mexico,normal
MEX10,Jorge Sanchez,Mexico,normal
MEX11,Edson Alvarez,Mexico,normal
MEX12,Jesus Manuel Corona,Mexico,normal
MEX13,Andres Guardado,Mexico,normal
MEX14,Erick Gutierrez,Mexico,normal
MEX15,Hector Herrera,Mexico,normal
MEX16,Diego Lainez,Mexico,normal
MEX17,Carlos Rodriguez,Mexico,normal
MEX18,Rogelio Funes Mori,Mexico,normal
MEX19,Raul Jimenez,Mexico,normal
MEX20,Hirving Lozano,Mexico,normal
POL1,Team Shot,Poland,normal
POL2,Team Logo,Poland,metalico
POL3,Wojciech Szczesny,Poland,normal
POL4,Lukasz Skorupski,Poland,normal
POL5,Jan Bednarek,Poland,normal
POL6,Bartosz Bereszynski,Poland,normal
POL7,Matty Cash,Poland,normal
POL8,Kamil Glik,Poland,normal
POL9,Tymoteusz Puchacz,Poland,normal
POL10,Maciej Rybus,Poland,normal
POL11,Kamil Jozwiak,Poland,normal
POL12,Mateusz Klich,Poland,normal
POL13,Grzegorz Krychowiak,Poland,normal
POL14,Jakub Moder,Poland,normal
POL15,Sebastian Szymanski,Poland,normal
POL16,Piotr Zielinski,Poland,normal
POL17,Robert Lewandowski,Poland,normal
POL18,Arkadiusz Milik,Poland,normal
POL19,Krzysztof Piatek,Poland,normal
POL20,Karol Swiderski,Poland,normal
FRA1,Team Shot,France,normal
FRA2,Team Logo,France,metalico
FRA3,Hugo Lloris,France,normal
FRA4,Mike Maignan,France,normal
FRA5,Lucas Hernandez,France,normal
FRA6,Theo Hernandez,France,normal
FRA7,Presnel Kimpembe,France,normal
FRA8,Jules Kounde,France,normal
FRA9,Benjamin Pavard,France,normal
FRA10,Raphael Varane,France,normal
FRA11,N'Golo Kante,France,normal
FRA12,Paul Pogba,France,normal
FRA13,Adrien Rabiot,France,normal
FRA14,Aurelien Tchouameni,France,normal
FRA15,Wissam Ben Yedder,France,normal
FRA16,Karim Benzema,France,normal
FRA17,Kingsley Coman,France,normal
FRA18,Antoine Griezmann,France,normal
FRA19,Kylian Mbappe,France,normal
FRA20,Christopher Nkunku,France,normal
AUS1,Team Shot,Australia,normal
AUS2,Team Logo,Australia,metalico
AUS3,Mathew Ryan,Australia,normal
AUS4,Andrew Redmayne,Australia,normal
AUS5,Aziz Behich,Australia,normal
AUS6,Milos Degenek,Australia,normal
AUS7,Rhyan Grant,Australia,normal
AUS8,Joel King,Australia,normal
AUS9,Trent Sainsbury,Australia,normal
AUS10,Harry Souttar,Australia,normal
AUS11,Ajdin Hrustic,Australia,normal
AUS12,Jackson Irvine,Australia,normal
AUS13,James Jeggo,Australia,normal
AUS14,Awer Mabil,Australia,normal
AUS15,Aaron Mooy,Australia,normal
AUS16,Martin Boyle,Australia,normal
AUS17,Mitchell Duke,Australia,normal
AUS18,Craig Goodwin,Australia,normal
AUS19,Mathew Leckie,Australia,normal
AUS20,Adam Taggart,Australia,normal
DEN1,Team Shot,Denmark,normal
DEN2,Team Logo,Denmark,metalico
DEN3,Kasper Schmeichel,Denmark,normal
DEN4,Frederik Ronnow,Denmark,normal
DEN5,Andreas Christensen,Denmark,normal
DEN6,Simon Kjaer,Denmark,normal
DEN7,Joakim Maehle,Denmark,normal
DEN8,Jens Stryger Larsen,Denmark,normal
DEN9,Jannik Vestergaard,Denmark,normal
DEN10,Mikkel Damsgaard,Denmark,normal
DEN11,Thomas Delaney,Denmark,normal
DEN12,Christian Eriksen,Denmark,normal
DEN13,Pierre Emile Hojbjerg,Denmark,normal
DEN14,Christian Norgaard,Denmark,normal
DEN15,Daniel Wass,Denmark,normal
DEN16,Martin Braithwaite,Denmark,normal
DEN17,Kasper Dolberg,Denmark,normal
DEN18,Yussuf Poulsen,Denmark,normal
DEN19,Andreas Skov Olsen,Denmark,normal
DEN20,Jonas Wind,Denmark,normal
TUN1,Team Shot,Tunisia,normal
TUN2,Team Logo,Tunisia,metalico
TUN3,Bechir Ben Said,Tunisia,normal
TUN4,Farouk Ben Mustapha,Tunisia,normal
TUN5,Dylan Bronn,Tunisia,normal
TUN6,Mohamed Drager,Tunisia,normal
TUN7,Bilel Ifa,Tunisia,normal
TUN8,Ali Maaloul,Tunisia,normal
TUN9,Hamza Mathlouthi,Tunisia,normal
TUN10,Yassine Meriah,Tunisia,normal
TUN11,Montassar Talbi,Tunisia,normal
TUN12,Mohamed Ali Ben Romdhane,Tunisia,normal
TUN13,Wahbi Khazri,Tunisia,normal
TUN14,Aissa Laidouni,Tunisia,normal
TUN15,Ferjani Sassi,Tunisia,normal
TUN16,Ellyes Skhiri,Tunisia,normal
TUN17,Anis Slimane,Tunisia,normal
TUN18,Seifeddine Jaziri,Tunisia,normal
TUN19,Youssef Msakni,Tunisia,normal
TUN20,Naim Sliti,Tunisia,normal
ESP1,Team Shot,Spain,normal
ESP2,Team Logo,Spain,metalico
ESP3,Unai Simon,Spain,normal
ESP4,Robert Sanchez,Spain,normal
ESP5,Cesar Azpilicueta,Spain,normal
ESP6,Eric Garcia,Spain,normal
ESP7,Jordi Alba,Spain,normal
ESP8,Aymeric Laporte,Spain,normal
ESP9,Pau Torres,Spain,normal
ESP10,Gavi,Spain,normal
ESP11,Koke,Spain,normal
ESP12,Marcos Llorente,Spain,normal
ESP13,Pedri,Spain,normal
ESP14,Rodri,Spain,normal
ESP15,Sergio Busquets,Spain,normal
ESP16,Dani Olmo,Spain,normal
ESP17,Ansu Fati,Spain,normal
ESP18,Ferran Torres,Spain,normal
ESP19,Alvaro Morata,Spain,normal
ESP20,Pablo Sarabia,Spain,normal
CRC1,Team Shot,Costa Rica,normal
CRC2,Team Logo,Costa Rica,metalico
CRC3,Keylor Navas,Costa Rica,normal
CRC4,Leonel Moreira,Costa Rica,normal
CRC5,Ricardo Blanco,Costa Rica,normal
CRC6,Francisco Calvo,Costa Rica,normal
CRC7,Oscar Duarte,Costa Rica,normal
CRC8,Keysher Fuller,Costa Rica,normal
CRC9,Bryan Oviedo,Costa Rica,normal
CRC10,Juan Pablo Vargas,Costa Rica,normal
CRC11,Kendall Waston,Costa Rica,normal
CRC12,Celso Borges,Costa Rica,normal
CRC13,Orlando Galo,Costa Rica,normal
CRC14,Bryan Ruiz,Costa Rica,normal
CRC15,Yeltsin Tejeda,Costa Rica,normal
CRC16,Jewison Bennette,Costa Rica,normal
CRC17,Joel Campbell,Costa Rica,normal
CRC18,Anthony Contreras,Costa Rica,normal
CRC19,Gerson Torres,Costa Rica,normal
CRC20,Johan Venegas,Costa Rica,normal
GER1,Team Shot,Germany,normal
GER2,Team Logo,Germany,metalico
GER3,Manuel Neuer,Germany,normal
GER4,Marc-Andre ter Stegen,Germany,normal
GER5,Matthias Ginter,Germany,normal
GER6,Robin Gosens,Germany,normal
GER7,Thilo Kehrer,Germany,normal
GER8,David Raum,Germany,normal
GER9,Antonio Rudiger,Germany,normal
GER10,Niklas Sule,Germany,normal
GER11,Leon Goretzka,Germany,normal
GER12,Ilkay Gundogan,Germany,normal
GER13,Kai Havertz,Germany,normal
GER14,Jonas Hofmann,Germany,normal
GER15,Joshua Kimmich,Germany,normal
GER16,Serge Gnabry,Germany,normal
GER17,Thomas Muller,Germany,normal
GER18,Marco Reus,Germany,normal
GER19,Leroy Sane,Germany,normal
GER20,Timo Werner,Germany,normal
JPN1,Team Shot,Japan,normal
JPN2,Team Logo,Japan,metalico
JPN3,Shuichi Gonda,Japan,normal
JPN4,Eiji Kawashima,Japan,normal
JPN5,Yuto Nagatomo,Japan,normal
JPN6,Yuta Nakayama,Japan,normal
JPN7,Takehiro Tomiyasu,Japan,normal
JPN8,Miki Yamane,Japan,normal
JPN9,Maya Yoshida,Japan,normal
JPN10,Wataru Endo,Japan,normal
JPN11,Genki Haraguchi,Japan,normal
JPN12,Hidemasa Morita,Japan,normal
JPN13,Gaku Shibasaki,Japan,normal
JPN14,Ao Tanaka,Japan,normal
JPN15,Takuma Asano,Japan,normal
JPN16,Kyogo Furuhashi,Japan,normal
JPN17,Junya Ito,Japan,normal
JPN18,Takumi Minamino,Japan,normal
JPN19,Kaoru Mitoma,Japan,normal
JPN20,Yuya Osako,Japan,normal
BEL1,Team Shot,Belgium,normal
BEL2,Team Logo,Belgium,metalico
BEL3,Thibaut Courtois,Belgium,normal
BEL4,Simon Mignolet,Belgium,normal
BEL5,Toby Alderweireld,Belgium,normal
BEL6,Timothy Castagne,Belgium,normal
BEL7,Jason Denayer,Belgium,normal
BEL8,Thomas Meunier,Belgium,normal
BEL9,Jan Vertonghen,Belgium,normal
BEL10,Yannick Carrasco,Belgium,normal
BEL11,Kevin De Bruyne,Belgium,normal
BEL12,Charles De Ketelaere,Belgium,normal
BEL13,Thorgan Hazard,Belgium,normal
BEL14,Youri Tielemans,Belgium,normal
BEL15,Hans Vanaken,Belgium,normal
BEL16,Axel Witsel,Belgium,normal
BEL17,Jeremy Doku,Belgium,normal
BEL18,Eden Hazard,Belgium,normal
BEL19,Romelu Lukaku,Belgium,normal
BEL20,Dries Mertens,Belgium,normal
CAN1,Team Shot,Canada,normal
CAN2,Team Logo,Canada,metalico
CAN3,Milan Borjan,Canada,normal
CAN4,Maxime Crepeau,Canada,normal
CAN5,Samuel Adekugbe,Canada,normal
CAN6,Doneil Henry,Canada,normal
CAN7,Alistair Johnston,Canada,normal
CAN8,Richie Laryea,Canada,normal
CAN9,Kamal Miller,Canada,normal
CAN10,Steven Vitoria,Canada,normal
CAN11,Tajon Buchanan,Canada,normal
CAN12,Alphonso Davies,Canada,normal
CAN13,Stephen Eustaquio,Canada,normal
CAN14,Atiba Hutchinson,Canada,normal
CAN15,Mark-Anthony Kaye,Canada,normal
CAN16,Jonathan Osorio,Canada,normal
CAN17,Samuel Piette,Canada,normal
CAN18,Jonathan David,Canada,normal
CAN19,David Junior Hoilett,Canada,normal
CAN20,Cyle Larin,Canada,normal
MAR1,Team Shot,Morocco,normal
MAR2,Team Logo,Morocco,metalico
MAR3,Yassine Bounou,Morocco,normal
MAR4,Munir Mohamedi,Morocco,normal
MAR5,Nayef Aguerd,Morocco,normal
MAR6,Achraf Hakimi,Morocco,normal
MAR7,Adam Masina,Morocco,normal
MAR8,Samy Mmaee,Morocco,normal
MAR9,Romain Saiss,Morocco,normal
MAR10,Selim Amallah,Morocco,normal
MAR11,Sofyan Amrabat,Morocco,normal
MAR12,Aymen Barkok,Morocco,normal
MAR13,Ilias Chair,Morocco,normal
MAR14,Imran Louza,Morocco,normal
MAR15,Sofiane Boufal,Morocco,normal
MAR16,Ayoub El Kaabi,Morocco,normal
MAR17,Youssef En-Nesyri,Morocco,normal
MAR18,Ryan Mmaee,Morocco,normal
MAR19,Munir,Morocco,normal
MAR20,Tarik Tissoudali,Morocco,normal
CRO1,Team Shot,Croatia,normal
CRO2,Team Logo,Croatia,metalico
CRO3,Dominik Livakovic,Croatia,normal
CRO4,Ivica Ivusic,Croatia,normal
CRO5,Duje Caleta-Car,Croatia,normal
CRO6,Josko Gvardiol,Croatia,normal
CRO7,Josip Juranovic,Croatia,normal
CRO8,Dejan Lovren,Croatia,normal
CRO9,Borna Sosa,Croatia,normal
CRO10,Domagoj Vida,Croatia,normal
CRO11,Marcelo Brozovic,Croatia,normal
CRO12,Mateo Kovacic,Croatia,normal
CRO13,Luka Modric,Croatia,normal
CRO14,Mario Pasalic,Croatia,normal
CRO15,Ivan Perisic,Croatia,normal
CRO16,Nikola Vlasic,Croatia,normal
CRO17,Josip Brekalo,Croatia,normal
CRO18,Andrej Kramaric,Croatia,normal
CRO19,Marko Livaja,Croatia,normal
CRO20,Mislav Orsic,Croatia,normal
BRA1,Team Shot,Brazil,normal
BRA2,Team Logo,Brazil,metalico
BRA3,Alisson,Brazil,normal
BRA4,Ederson,Brazil,normal
BRA5,Alex Sandro,Brazil,normal
BRA6,Danilo,Brazil,normal
BRA7,Eder Militao,Brazil,normal
BRA8,Marquinhos,Brazil,normal
BRA9,Thiago Silva,Brazil,normal
BRA10,Casemiro,Brazil,normal
BRA11,Philippe Coutinho,Brazil,normal
BRA12,Fabinho,Brazil,normal
BRA13,Fred,Brazil,normal
BRA14,Lucas Paqueta,Brazil,normal
BRA15,Antony,Brazil,normal
BRA16,Gabriel Jesus,Brazil,normal
BRA17,Neymar Jr,Brazil,normal
BRA18,Raphinha,Brazil,normal
BRA19,Richarlison,Brazil,normal
BRA20,Vinicius Jr,Brazil,normal
SRB1,Team Shot,Serbia,normal
SRB2,Team Logo,Serbia,metalico
SRB3,Predrag Rajkovic,Serbia,normal
SRB4,Vanja Milinkovic-Savic,Serbia,normal
SRB5,Nikola Milenkovic,Serbia,normal
SRB6,Strahinja Pavlovic,Serbia,normal
SRB7,Milos Veljkovic,Serbia,normal
SRB8,Filip Duricic,Serbia,normal
SRB9,Nemanja Gudelj,Serbia,normal
SRB10,Filip Kostic,Serbia,normal
SRB11,Darko Lazovic,Serbia,normal
SRB12,Sasa Lukic,Serbia,normal
SRB13,Nemanja Maksimovic,Serbia,normal
SRB14,Sergej Milinkovic-Savic,Serbia,normal
SRB15,Nemanja Radonjic,Serbia,normal
SRB16,Andrija Zivkovic,Serbia,normal
SRB17,Luka Jovic,Serbia,normal
SRB18,Aleksandar Mitrovic,Serbia,normal
SRB19,Dusan Tadic,Serbia,normal
SRB20,Dusan Vlahovic,Serbia,normal
SUI1,Team Shot,Switzerland,normal
SUI2,Team Logo,Switzerland,metalico
SUI3,Yann Sommer,Switzerland,normal
SUI4,Gregor Kobel,Switzerland,normal
SUI5,Manuel Akanji,Switzerland,normal
SUI6,Nico Elvedi,Switzerland,normal
SUI7,Kevin Mbabu,Switzerland,normal
SUI8,Ricardo Rodriguez,Switzerland,normal
SUI9,Fabian Schar,Switzerland,normal
SUI10,Silvan Widmer,Switzerland,normal
SUI11,Remo Freuler,Switzerland,normal
SUI12,Xherdan Shaqiri,Switzerland,normal
SUI13,Djibril Sow,Switzerland,normal
SUI14,Granit Xhaka,Switzerland,normal
SUI15,Denis Zakaria,Switzerland,normal
SUI16,Steven Zuber,Switzerland,normal
SUI17,Breel Embolo,Switzerland,normal
SUI18,Noah Okafor,Switzerland,normal
SUI19,Haris Seferovic,Switzerland,normal
SUI20,Ruben Vargas,Switzerland,normal
CMR1,Team Shot,Cameroon,normal
CMR2,Team Logo,Cameroon,metalico
CMR3,Andre Onana,Cameroon,normal
CMR4,Devis Epassy,Cameroon,normal
CMR5,Jean-Charles Castelletto,Cameroon,normal
CMR6,Collins Fai,Cameroon,normal
CMR7,Olivier Mbaizo,Cameroon,normal
CMR8,Harold Moukoudi,Cameroon,normal
CMR9,Michael Ngadeu,Cameroon,normal
CMR10,Nouhou,Cameroon,normal
CMR11,Martin Hongla,Cameroon,normal
CMR12,Pierre Kunde,Cameroon,normal
CMR13,James Lea Siliki,Cameroon,normal
CMR14,Samuel Oum Gouet,Cameroon,normal
CMR15,Andre-Frank Zambo Anguissa,Cameroon,normal
CMR16,Vincent Aboubakar,Cameroon,normal
CMR17,Stephane Bahoken,Cameroon,normal
CMR18,Eric Maxim Choupo-Moting,Cameroon,normal
CMR19,Nicolas Moumi Ngamaleu,Cameroon,normal
CMR20,Karl Toko Ekambi,Cameroon,normal
POR1,Team Shot,Portugal,normal
POR2,Team Logo,Portugal,metalico
POR3,Diogo Costa,Portugal,normal
POR4,Rui Patricio,Portugal,normal
POR5,Joao Cancelo,Portugal,normal
POR6,Jose Fonte,Portugal,normal
POR7,Nuno Mendes,Portugal,normal
POR8,Pepe,Portugal,normal
POR9,Raphael Guerreiro,Portugal,normal
POR10,Ruben Dias,Portugal,normal
POR11,Bernardo Silva,Portugal,normal
POR12,Bruno Fernandes,Portugal,normal
POR13,Danilo Pereira,Portugal,normal
POR14,Joao Moutinho,Portugal,normal
POR15,Renato Sanches,Portugal,normal
POR16,Ruben Neves,Portugal,normal
POR17,Andre Silva,Portugal,normal
POR18,Cristiano Ronaldo,Portugal,normal
POR19,Diogo Jota,Portugal,normal
POR20,Goncalo Guedes,Portugal,normal
GHA1,Team Shot,Ghana,normal
GHA2,Team Logo,Ghana,metalico
GHA3,Joe Wollacott,Ghana,normal
GHA4,Richard Ofori,Ghana,normal
GHA5,Daniel Amartey,Ghana,normal
GHA6,Abdul-Rahman Baba,Ghana,normal
GHA7,Alexander Djiku,Ghana,normal
GHA8,Gideon Mensah,Ghana,normal
GHA9,Jonathan Mensah,Ghana,normal
GHA10,Andy Yiadom,Ghana,normal
GHA11,Iddrisu Baba,Ghana,normal
GHA12,Mohammed Kudus,Ghana,normal
GHA13,Daniel-Kofi Kyereh,Ghana,normal
GHA14,Thomas Partey,Ghana,normal
GHA15,Mubarak Wakaso,Ghana,normal
GHA16,Felix Afena-Gyan,Ghana,normal
GHA17,Andre Ayew,Ghana,normal
GHA18,Jordan Ayew,Ghana,normal
GHA19,Issahaku Abdul Fatawu,Ghana,normal
GHA20,Kamaldeen Sulemana,Ghana,normal
URU1,Team Shot,Uruguay,normal
URU2,Team Logo,Uruguay,metalico
URU3,Fernando Muslera,Uruguay,normal
URU4,Sergio Rochet,Uruguay,normal
URU5,Ronald Araujo,Uruguay,normal
URU6,Martin Caceres,Uruguay,normal
URU7,Jose Maria Gimenez,Uruguay,normal
URU8,Diego Godin,Uruguay,normal
URU9,Mathias Olivera,Uruguay,normal
URU10,Matias Vina,Uruguay,normal
URU11,Rodrigo Bentancur,Uruguay,normal
URU12,Giorgian De Arrascaeta,Uruguay,normal
URU13,Nicolas De La Cruz,Uruguay,normal
URU14,Lucas Torreira,Uruguay,normal
URU15,Federico Valverde,Uruguay,normal
URU16,Matias Vecino,Uruguay,normal
URU17,Edinson Cavani,Uruguay,normal
URU18,Darwin Nunez,Uruguay,normal
URU19,Facundo Pellistri,Uruguay,normal
URU20,Luis Suarez,Uruguay,normal
KOR1,Team Shot,Korea Republic,normal
KOR2,Team Logo,Korea Republic,metalico
KOR3,Seung-gyu Kim,Korea Republic,normal
KOR4,Hyeon-woo Jo,Korea Republic,normal
KOR5,Chul Hong,Korea Republic,normal
KOR6,Tae-hwan Kim,Korea Republic,normal
KOR7,Min-jae Kim,Korea Republic,normal
KOR8,Young-gwon Kim,Korea Republic,normal
KOR9,Jin-su Kim,Korea Republic,normal
KOR10,Yong Lee,Korea Republic,normal
KOR11,In-beom Hwang,Korea Republic,normal
KOR12,Woo-young Jung,Korea Republic,normal
KOR13,Jae-sung Lee,Korea Republic,normal
KOR14,Seung-ho Paik,Korea Republic,normal
KOR15,Gue-sung Cho,Korea Republic,normal
KOR16,Hee-chan Hwang,Korea Republic,normal
KOR17,Ui-jo Hwang,Korea Republic,normal
KOR18,Chang-hoon Kwon,Korea Republic,normal
KOR19,Heung-min Son,Korea Republic,normal
KOR20,Min-kyu Song,Korea Republic,normal
FWC19,Uruguay 1930,FIFA Museum,metalico
FWC20,Italy 1938,FIFA Museum,metalico
FWC21,Brazil 1958,FIFA Museum,metalico
FWC22,England 1966,FIFA Museum,metalico
FWC23,Brazil 1970,FIFA Museum,metalico
FWC24,Argentina 1978,FIFA Museum,metalico
FWC25,Italy 1982,FIFA Museum,metalico
FWC26,Germany FR 1990,FIFA Museum,metalico
FWC27,France 1998,FIFA Museum,metalico
FWC28,Spain 2010,FIFA Museum,metalico
FWC29,France 2018,FIFA Museum,metalico
C1,Serge Gnabry (Germany),Coca-Cola Team Believers,Brazil extra
C2,Emiliano Martinez (Argentina),Coca-Cola Team Believers,Brazil extra
C3,Kevin De Bruyne (Belgium),Coca-Cola Team Believers,Brazil extra
C4,Luka Modric (Croatia),Coca-Cola Team Believers,Brazil extra
C5,Declan Rice (England),Coca-Cola Team Believers,Brazil extra
C6,Gavi (Spain),Coca-Cola Team Believers,Brazil extra
C7,Hirving Lozano (Mexico),Coca-Cola Team Believers,Brazil extra
C8,Heung-min Son (Korea Republic),Coca-Cola Team Believers,Brazil extra